{
  "components": [
    {
      "data": {
        "contents_checksum": "b95b229e401e5e5233ffa03527c6ff366d79937c54d318290dccc266343d54a3",
        "source": "",
        "type": "tar"
      },
      "dependencies": [
        "bundled-python3-unix",
        "core-nix",
        "core-win",
        "gcloud-deps",
        "ssh-tools"
      ],
      "details": {
        "description": "Handles all core functionality for the Google Cloud CLI.",
        "display_name": "Google Cloud CLI Core Libraries"
      },
      "gdu_only": false,
      "id": "core",
      "is_configuration": false,
      "is_hidden": false,
      "is_required": true,
      "platform": {},
      "platform_required": false,
      "version": {
        "build_number": 20250829143545,
        "version_string": "2025.08.29"
      }
    }
  ],
  "revision": 20250829143545,
  "schema_version": {
    "no_update": false,
    "url": "https://dl.google.com/dl/cloudsdk/channels/rapid/google-cloud-sdk.tar.gz",
    "version": 3
  },
  "version": "537.0.0"
}